group,n,mean_cate,se,ci_lower,ci_upper
0,1791,0.3087956570110985,0.012878406237568633,0.283554444607188,0.33403686941500904
1,429,0.29230060294388027,0.01395532926405616,0.2649486601939323,0.3196525456938282
