{
  "method": "Least Squares",
  "model_type": "OLS",
  "dependent_var": "re78",
  "n_obs": 614,
  "coefficients": {
    "Intercept": {
      "estimate": 66.5145197044815,
      "std_error": 2530.018483628865,
      "t_statistic": 0.02629013192388941,
      "p_value": 0.9790346092954847,
      "conf_low": -4902.187096058084,
      "conf_high": 5035.216135467046
    },
    "treat": {
      "estimate": 1548.2438019995936,
      "std_error": 740.5760491329494,
      "t_statistic": 2.0905939421241673,
      "p_value": 0.03698190944764401,
      "conf_low": 93.82699210970691,
      "conf_high": 3002.6606118894806
    },
    "age": {
      "estimate": 12.977633712835859,
      "std_error": 31.70387090793983,
      "t_statistic": 0.40933909144784514,
      "p_value": 0.6824359479787656,
      "conf_low": -49.28557725796449,
      "conf_high": 75.24084468363621
    },
    "educ": {
      "estimate": 403.9412308557464,
      "std_error": 160.3945967719658,
      "t_statistic": 2.518421686174583,
      "p_value": 0.012045479854789765,
      "conf_low": 88.94238903014707,
      "conf_high": 718.9400726813458
    },
    "black": {
      "estimate": -1240.644082031864,
      "std_error": 695.7660736530082,
      "t_statistic": -1.7831339138427102,
      "p_value": 0.07506658571858527,
      "conf_low": -2607.0586109067453,
      "conf_high": 125.77044684301768
    },
    "hispan": {
      "estimate": 498.8968649589618,
      "std_error": 952.8563543973876,
      "t_statistic": 0.5235803514943004,
      "p_value": 0.6007624945218288,
      "conf_low": -1372.417095124516,
      "conf_high": 2370.2108250424394
    },
    "married": {
      "estimate": 406.6208454241993,
      "std_error": 658.5494997480339,
      "t_statistic": 0.6174491751641684,
      "p_value": 0.5371711989009471,
      "conf_low": -886.7040787338184,
      "conf_high": 1699.945769582217
    },
    "nodegree": {
      "estimate": 259.8173680422145,
      "std_error": 891.7856218786633,
      "t_statistic": 0.2913450964760737,
      "p_value": 0.770887424848931,
      "conf_low": -1491.5598211025963,
      "conf_high": 2011.194557187025
    },
    "re74": {
      "estimate": 0.2963774428860401,
      "std_error": 0.07126986738971511,
      "t_statistic": 4.158523843820286,
      "p_value": 3.667188380651609e-05,
      "conf_low": 0.15641059776380986,
      "conf_high": 0.4363442880082704
    },
    "re75": {
      "estimate": 0.23152587573794697,
      "std_error": 0.11945281845373934,
      "t_statistic": 1.9382202842506417,
      "p_value": 0.05306197759828124,
      "conf_low": -0.0030674349034755244,
      "conf_high": 0.46611918637936944
    }
  },
  "diagnostics": {
    "R-squared": 0.14776478108614954,
    "Adj. R-squared": 0.13506591193014839,
    "F-statistic": 11.636058240376514,
    "Prob (F-statistic)": 1.1102230246251565e-16,
    "Log-Likelihood": -6297.752124894856,
    "AIC": 10873.047731014374,
    "BIC": 10917.247680295846
  },
  "glance": {
    "method": "Least Squares",
    "nobs": 614,
    "r_squared": 0.14776478108614954,
    "f_statistic": 11.636058240376514,
    "f_p_value": 1.1102230246251565e-16,
    "aic": 10873.047731014374,
    "bic": 10917.247680295846,
    "log_likelihood": -6297.752124894856,
    "df_resid": 604,
    "df_model": 9
  }
}