Spec,β_treat,SE,t,p,N,R²
M1,-0.6350262120374022,0.6787500805678546,-0.9355817851338268,0.34948855646493404,614,0.0015235520831565763
M2,-0.4807287781116383,0.6647782818067797,-0.7231415214183605,0.4695929419567094,614,0.043227844061403786
M3,0.8219536305669966,0.7388970398024381,1.1124061760847839,0.2659635503521791,614,0.055613100261510784
M4,1.1639223548829125,0.7484700264885048,1.5550687585226746,0.1199296945301812,614,0.07078115981851407
M5,0.8655856807500295,0.7487500382273088,1.1560409169384926,0.24766442100274733,614,0.1642193358407006
M6,0.7419670083495524,0.7218355835673168,1.0278892108404327,0.30400194528107016,614,0.19582359345174583
