Outcome,β_treat,SE,p,N
"re75 (placebo, pre-treat)",0.20905478387324483,0.28707331908990014,0.4664741246745654,614
re78 (main),0.8655856807500295,0.7487500382273088,0.24766442100274733,614
Δearnings (re78 − re75),0.5203189350606983,0.7650346396116304,0.4964255222828611,614
