{
  "method": "Least Squares",
  "model_type": "OLS",
  "dependent_var": "re78",
  "n_obs": 614,
  "coefficients": {
    "Intercept": {
      "estimate": 66.5145197044815,
      "std_error": 2530.0184836288463,
      "t_statistic": 0.026290131923889605,
      "p_value": 0.9790346092954845,
      "conf_low": -4902.187096058071,
      "conf_high": 5035.216135467033
    },
    "treat": {
      "estimate": 1548.2438019995936,
      "std_error": 740.57604913295,
      "t_statistic": 2.0905939421241655,
      "p_value": 0.036981909447644234,
      "conf_low": 93.82699210969872,
      "conf_high": 3002.660611889489
    },
    "age": {
      "estimate": 12.977633712835859,
      "std_error": 31.703870907939685,
      "t_statistic": 0.409339091447847,
      "p_value": 0.6824359479787641,
      "conf_low": -49.285577257964505,
      "conf_high": 75.24084468363623
    },
    "educ": {
      "estimate": 403.9412308557464,
      "std_error": 160.3945967719658,
      "t_statistic": 2.518421686174583,
      "p_value": 0.012045479854789765,
      "conf_low": 88.94238903014553,
      "conf_high": 718.9400726813474
    },
    "black": {
      "estimate": -1240.644082031864,
      "std_error": 695.7660736530078,
      "t_statistic": -1.7831339138427114,
      "p_value": 0.07506658571858504,
      "conf_low": -2607.0586109067513,
      "conf_high": 125.77044684302336
    },
    "hispan": {
      "estimate": 498.8968649589618,
      "std_error": 952.8563543973875,
      "t_statistic": 0.5235803514943004,
      "p_value": 0.6007624945218288,
      "conf_low": -1372.417095124525,
      "conf_high": 2370.2108250424485
    },
    "married": {
      "estimate": 406.6208454241993,
      "std_error": 658.5494997480339,
      "t_statistic": 0.6174491751641684,
      "p_value": 0.5371711989009471,
      "conf_low": -886.7040787338248,
      "conf_high": 1699.9457695822234
    },
    "nodegree": {
      "estimate": 259.8173680422145,
      "std_error": 891.7856218786654,
      "t_statistic": 0.291345096476073,
      "p_value": 0.7708874248489317,
      "conf_low": -1491.559821102609,
      "conf_high": 2011.1945571870383
    },
    "re74": {
      "estimate": 0.2963774428860401,
      "std_error": 0.07126986738971518,
      "t_statistic": 4.158523843820282,
      "p_value": 3.667188380629405e-05,
      "conf_low": 0.15641059776380906,
      "conf_high": 0.4363442880082712
    },
    "re75": {
      "estimate": 0.23152587573794697,
      "std_error": 0.11945281845373949,
      "t_statistic": 1.9382202842506393,
      "p_value": 0.053061977598281684,
      "conf_low": -0.0030674349034769677,
      "conf_high": 0.4661191863793709
    }
  },
  "diagnostics": {
    "R-squared": 0.14776478108614943,
    "Adj. R-squared": 0.13506591193014839,
    "F-statistic": 11.636058240376503,
    "Prob (F-statistic)": 1.1102230246251565e-16,
    "Log-Likelihood": -6297.752124894856,
    "AIC": 10873.047731014374,
    "BIC": 10917.247680295846
  },
  "glance": {
    "method": "Least Squares",
    "nobs": 614,
    "r_squared": 0.14776478108614943,
    "f_statistic": 11.636058240376503,
    "f_p_value": 1.1102230246251565e-16,
    "aic": 10873.047731014374,
    "bic": 10917.247680295846,
    "log_likelihood": -6297.752124894856,
    "df_resid": 604,
    "df_model": 9
  }
}